{"count":1,"self":179.9207936,"total":820.72132909999993,"children":{"InitializeActuators":{"count":4,"self":0.0010035999999999999,"total":0.0010035999999999999,"children":null},"InitializeSensors":{"count":4,"self":0.0010244,"total":0.0010244,"children":null},"AgentSendState":{"count":297601,"self":3.1819379999999997,"total":6.0031624999999993,"children":{"CollectObservations":{"count":238084,"self":0.86900749999999993,"total":0.86900749999999993,"children":null},"WriteActionMask":{"count":238084,"self":0.078225599999999992,"total":0.078225599999999992,"children":null},"RequestDecision":{"count":238084,"self":0.292678,"total":1.8739913,"children":{"AgentInfo.ToProto":{"count":238084,"self":0.23516979999999998,"total":1.5813133,"children":{"GenerateSensorData":{"count":238084,"self":1.0701321,"total":1.3461435,"children":{"RayPerceptionSensor.Perceive":{"count":238084,"self":0.27601139999999996,"total":0.27601139999999996,"children":null}}}}}}}}},"DecideAction":{"count":297601,"self":285.6787968,"total":285.6787858,"children":null},"AgentAct":{"count":297601,"self":349.0904832,"total":349.0959354,"children":{"AgentInfo.ToProto":{"count":730,"self":0.001003,"total":0.0054592,"children":{"GenerateSensorData":{"count":730,"self":0.0034300999999999997,"total":0.0044562,"children":{"RayPerceptionSensor.Perceive":{"count":730,"self":0.0010261,"total":0.0010261,"children":null}}}}}}},"AgentInfo.ToProto":{"count":2274,"self":0.0050173,"total":0.0206227,"children":{"GenerateSensorData":{"count":2274,"self":0.013594199999999999,"total":0.015605399999999998,"children":{"RayPerceptionSensor.Perceive":{"count":2274,"self":0.0020112,"total":0.0020112,"children":null}}}}}},"gauges":{"CarAgent.CumulativeReward":{"count":3004,"max":-320,"min":-22670,"runningAverage":-4691.91,"value":-4270,"weightedAverage":-3549.42627}},"metadata":{"timer_format_version":"0.1.0","start_time_seconds":"1712777954","unity_version":"2022.3.15f1","command_line_arguments":"D:\\UnityMain\\2022.3.15f1\\Editor\\Unity.exe -createproject C:\\Users\\dan\\unity-projects\\race-car -cloneFromTemplate D:\\UnityMain\\2022.3.15f1\\Editor\\Data\\Resources\\PackageManager\\ProjectTemplates\\com.unity.template.3d-8.1.1.tgz -cloudOrganization 2475241834738 -cloudProject 39591485-0faf-4b5e-9bd0-68fd21cf5869 -cloudEnvironment production -useHub -hubIPC -hubSessionId 8a970a3c-9b13-43f6-8579-7f56353713f4 -accessToken cdlNjeVADRbBmUNnLATYiVcz32JWBVOrGFZZ_doTnfw002f","communication_protocol_version":"1.5.0","com.unity.ml-agents_version":"2.0.1","scene_name":"SampleScene","end_time_seconds":"1712778775"}}