{"count":1,"self":987.232256,"total":5917.7350734,"children":{"InitializeActuators":{"count":1,"self":0.0010033,"total":0.0010033,"children":null},"InitializeSensors":{"count":1,"self":0.0020066999999999997,"total":0.0020066999999999997,"children":null},"AgentSendState":{"count":1960201,"self":60.744953599999995,"total":98.40992829999999,"children":{"CollectObservations":{"count":1960201,"self":9.0427208,"total":9.0427208,"children":null},"WriteActionMask":{"count":1960201,"self":0.82215889999999991,"total":0.82215889999999991,"children":null},"RequestDecision":{"count":1960201,"self":3.7054848,"total":27.8000951,"children":{"AgentInfo.ToProto":{"count":1960201,"self":2.9479354,"total":24.0946104,"children":{"GenerateSensorData":{"count":1960201,"self":16.303214399999998,"total":21.146675,"children":{"RayPerceptionSensor.Perceive":{"count":3920402,"self":4.8434608,"total":4.8434605999999993,"children":null}}}}}}}}},"DecideAction":{"count":1960201,"self":4816.1853439999995,"total":4816.1853119,"children":null},"AgentAct":{"count":1960201,"self":15.8904784,"total":15.8995134,"children":{"AgentInfo.ToProto":{"count":880,"self":0.0020071,"total":0.009035,"children":{"GenerateSensorData":{"count":880,"self":0.0030133,"total":0.0070278999999999993,"children":{"RayPerceptionSensor.Perceive":{"count":1760,"self":0.0040146,"total":0.0040146,"children":null}}}}}}},"AgentInfo.ToProto":{"count":282,"self":0.0010034,"total":0.0040145,"children":{"GenerateSensorData":{"count":282,"self":0.0020074,"total":0.0030111,"children":{"RayPerceptionSensor.Perceive":{"count":564,"self":0.0010037,"total":0.0010037,"children":null}}}}}},"gauges":{"CarAgent.CumulativeReward":{"count":1162,"max":438.857635,"min":-5125.697,"runningAverage":219.121841,"value":412.007019,"weightedAverage":412.006958}},"metadata":{"timer_format_version":"0.1.0","start_time_seconds":"1712872670","unity_version":"2022.3.15f1","command_line_arguments":"D:\\UnityMain\\2022.3.15f1\\Editor\\Unity.exe -projectpath C:\\Users\\dan\\unity-projects\\race-car -useHub -hubIPC -cloudEnvironment production -licensingIpc LicenseClient-dan -hubSessionId 8a970a3c-9b13-43f6-8579-7f56353713f4 -accessToken PeQgIj3bGGhMCMT_aocjZGZqq29foNkJ4SiYMCd3p0g002f","communication_protocol_version":"1.5.0","com.unity.ml-agents_version":"2.0.1","scene_name":"SampleScene","end_time_seconds":"1712878588"}}