{
    "name": "root",
    "gauges": {
        "CarAgent.Policy.Entropy.mean": {
            "value": 1.3985556364059448,
            "min": 1.3985556364059448,
            "max": 1.4123765230178833,
            "count": 2
        },
        "CarAgent.Policy.Entropy.sum": {
            "value": 27874.611328125,
            "min": 25757.51171875,
            "max": 27874.611328125,
            "count": 2
        },
        "CarAgent.Step.mean": {
            "value": 99974.0,
            "min": 79986.0,
            "max": 99974.0,
            "count": 2
        },
        "CarAgent.Step.sum": {
            "value": 99974.0,
            "min": 79986.0,
            "max": 99974.0,
            "count": 2
        },
        "CarAgent.Policy.ExtrinsicValueEstimate.mean": {
            "value": 177.00405883789062,
            "min": 177.00405883789062,
            "max": 631.8406372070312,
            "count": 2
        },
        "CarAgent.Policy.ExtrinsicValueEstimate.sum": {
            "value": 124079.84375,
            "min": 124079.84375,
            "max": 401218.8125,
            "count": 2
        },
        "CarAgent.Environment.EpisodeLength.mean": {
            "value": 127.33333333333333,
            "min": 127.33333333333333,
            "max": 127.33571428571429,
            "count": 2
        },
        "CarAgent.Environment.EpisodeLength.sum": {
            "value": 19864.0,
            "min": 17827.0,
            "max": 19864.0,
            "count": 2
        },
        "CarAgent.Environment.CumulativeReward.mean": {
            "value": -452.80576745057715,
            "min": -1638.7800270080565,
            "max": -452.80576745057715,
            "count": 2
        },
        "CarAgent.Environment.CumulativeReward.sum": {
            "value": -70637.69972229004,
            "min": -229429.20378112793,
            "max": -70637.69972229004,
            "count": 2
        },
        "CarAgent.Policy.ExtrinsicReward.mean": {
            "value": -452.80576745057715,
            "min": -1638.7800270080565,
            "max": -452.80576745057715,
            "count": 2
        },
        "CarAgent.Policy.ExtrinsicReward.sum": {
            "value": -70637.69972229004,
            "min": -229429.20378112793,
            "max": -70637.69972229004,
            "count": 2
        },
        "CarAgent.Losses.PolicyLoss.mean": {
            "value": 0.09841258780640297,
            "min": 0.09641831460976391,
            "max": 0.09841258780640297,
            "count": 2
        },
        "CarAgent.Losses.PolicyLoss.sum": {
            "value": 0.19682517561280594,
            "min": 0.19283662921952782,
            "max": 0.19682517561280594,
            "count": 2
        },
        "CarAgent.Losses.ValueLoss.mean": {
            "value": 241430.90832773846,
            "min": 241430.90832773846,
            "max": 361105.5082321167,
            "count": 2
        },
        "CarAgent.Losses.ValueLoss.sum": {
            "value": 482861.8166554769,
            "min": 482861.8166554769,
            "max": 722211.0164642334,
            "count": 2
        },
        "CarAgent.Policy.LearningRate.mean": {
            "value": 0.000499093940181212,
            "min": 0.000499093940181212,
            "max": 0.0004992582051483591,
            "count": 2
        },
        "CarAgent.Policy.LearningRate.sum": {
            "value": 0.000998187880362424,
            "min": 0.000998187880362424,
            "max": 0.0009985164102967181,
            "count": 2
        },
        "CarAgent.Policy.Epsilon.mean": {
            "value": 0.19981878800000002,
            "min": 0.19981878800000002,
            "max": 0.19985164100000002,
            "count": 2
        },
        "CarAgent.Policy.Epsilon.sum": {
            "value": 0.39963757600000005,
            "min": 0.39963757600000005,
            "max": 0.39970328200000005,
            "count": 2
        },
        "CarAgent.Policy.Beta.mean": {
            "value": 0.0004991120611999999,
            "min": 0.0004991120611999999,
            "max": 0.0004992730409,
            "count": 2
        },
        "CarAgent.Policy.Beta.sum": {
            "value": 0.0009982241223999999,
            "min": 0.0009982241223999999,
            "max": 0.0009985460818,
            "count": 2
        },
        "CarAgent.IsTraining.mean": {
            "value": 1.0,
            "min": 1.0,
            "max": 1.0,
            "count": 2
        },
        "CarAgent.IsTraining.sum": {
            "value": 1.0,
            "min": 1.0,
            "max": 1.0,
            "count": 2
        }
    },
    "metadata": {
        "timer_format_version": "0.1.0",
        "start_time_seconds": "1712802861",
        "python_version": "3.7.16 (default, Jan 17 2023, 16:06:28) [MSC v.1916 64 bit (AMD64)]",
        "command_line_arguments": "C:\\Users\\dan\\anaconda3\\envs\\ml-racecar\\Scripts\\mlagents-learn config/carAgent.yaml --run-id=CarAgent_V22 --resume",
        "mlagents_version": "0.26.0",
        "mlagents_envs_version": "0.26.0",
        "communication_protocol_version": "1.5.0",
        "pytorch_version": "1.7.1+cu110",
        "numpy_version": "1.21.6",
        "end_time_seconds": "1712802964"
    },
    "total": 102.3027798,
    "count": 1,
    "self": 0.0030557999999842878,
    "children": {
        "run_training.setup": {
            "total": 0.05550609999999989,
            "count": 1,
            "self": 0.05550609999999989
        },
        "TrainerController.start_learning": {
            "total": 102.24421790000001,
            "count": 1,
            "self": 0.1761640000000284,
            "children": {
                "TrainerController._reset_env": {
                    "total": 4.4956834,
                    "count": 1,
                    "self": 4.4956834
                },
                "TrainerController.advance": {
                    "total": 97.52899999999997,
                    "count": 20533,
                    "self": 0.18373990000128515,
                    "children": {
                        "env_step": {
                            "total": 81.82105329999936,
                            "count": 20533,
                            "self": 57.80858639999937,
                            "children": {
                                "SubprocessEnvManager._take_step": {
                                    "total": 23.89352190000009,
                                    "count": 20533,
                                    "self": 0.5608554999994908,
                                    "children": {
                                        "TorchPolicy.evaluate": {
                                            "total": 23.332666400000598,
                                            "count": 20533,
                                            "self": 12.335501500000152,
                                            "children": {
                                                "TorchPolicy.sample_actions": {
                                                    "total": 10.997164900000445,
                                                    "count": 20533,
                                                    "self": 10.997164900000445
                                                }
                                            }
                                        }
                                    }
                                },
                                "workers": {
                                    "total": 0.11894499999990238,
                                    "count": 20533,
                                    "self": 0.0,
                                    "children": {
                                        "worker_root": {
                                            "total": 96.18414629999994,
                                            "count": 20533,
                                            "is_parallel": true,